Date,Content,Video title,Video publish time,Duration,Engaged views
2026-07-11,06CK4C3dQOU,The Text That Ruined Her Wedding Night,"Aug 7, 2026",50,0
2026-07-12,06CK4C3dQOU,The Text That Ruined Her Wedding Night,"Aug 7, 2026",50,0
2026-07-13,06CK4C3dQOU,The Text That Ruined Her Wedding Night,"Aug 7, 2026",50,0
2026-07-14,06CK4C3dQOU,The Text That Ruined Her Wedding Night,"Aug 7, 2026",50,0
2026-07-15,06CK4C3dQOU,The Text That Ruined Her Wedding Night,"Aug 7, 2026",50,0
2026-07-16,06CK4C3dQOU,The Text That Ruined Her Wedding Night,"Aug 7, 2026",50,0
2026-07-17,06CK4C3dQOU,The Text That Ruined Her Wedding Night,"Aug 7, 2026",50,0
2026-07-18,06CK4C3dQOU,The Text That Ruined Her Wedding Night,"Aug 7, 2026",50,0
2026-07-19,06CK4C3dQOU,The Text That Ruined Her Wedding Night,"Aug 7, 2026",50,0
2026-07-20,06CK4C3dQOU,The Text That Ruined Her Wedding Night,"Aug 7, 2026",50,0
2026-07-21,06CK4C3dQOU,The Text That Ruined Her Wedding Night,"Aug 7, 2026",50,0
2026-07-22,06CK4C3dQOU,The Text That Ruined Her Wedding Night,"Aug 7, 2026",50,0
2026-07-23,06CK4C3dQOU,The Text That Ruined Her Wedding Night,"Aug 7, 2026",50,0
2026-07-24,06CK4C3dQOU,The Text That Ruined Her Wedding Night,"Aug 7, 2026",50,0
2026-07-25,06CK4C3dQOU,The Text That Ruined Her Wedding Night,"Aug 7, 2026",50,0
2026-07-26,06CK4C3dQOU,The Text That Ruined Her Wedding Night,"Aug 7, 2026",50,0
2026-07-27,06CK4C3dQOU,The Text That Ruined Her Wedding Night,"Aug 7, 2026",50,0
2026-07-28,06CK4C3dQOU,The Text That Ruined Her Wedding Night,"Aug 7, 2026",50,0
2026-07-29,06CK4C3dQOU,The Text That Ruined Her Wedding Night,"Aug 7, 2026",50,0
2026-07-30,06CK4C3dQOU,The Text That Ruined Her Wedding Night,"Aug 7, 2026",50,0
2026-07-31,06CK4C3dQOU,The Text That Ruined Her Wedding Night,"Aug 7, 2026",50,0
2026-08-01,06CK4C3dQOU,The Text That Ruined Her Wedding Night,"Aug 7, 2026",50,0
2026-08-02,06CK4C3dQOU,The Text That Ruined Her Wedding Night,"Aug 7, 2026",50,0
2026-08-03,06CK4C3dQOU,The Text That Ruined Her Wedding Night,"Aug 7, 2026",50,0
2026-08-04,06CK4C3dQOU,The Text That Ruined Her Wedding Night,"Aug 7, 2026",50,0
2026-08-05,06CK4C3dQOU,The Text That Ruined Her Wedding Night,"Aug 7, 2026",50,0
2026-08-06,06CK4C3dQOU,The Text That Ruined Her Wedding Night,"Aug 7, 2026",50,0
2026-08-07,06CK4C3dQOU,The Text That Ruined Her Wedding Night,"Aug 7, 2026",50,1
2026-07-11,1z_EMObUZMc,The Tiny Green Padlock That Locked Me Down,"Aug 7, 2026",29,0
2026-07-12,1z_EMObUZMc,The Tiny Green Padlock That Locked Me Down,"Aug 7, 2026",29,0
2026-07-13,1z_EMObUZMc,The Tiny Green Padlock That Locked Me Down,"Aug 7, 2026",29,0
2026-07-14,1z_EMObUZMc,The Tiny Green Padlock That Locked Me Down,"Aug 7, 2026",29,0
2026-07-15,1z_EMObUZMc,The Tiny Green Padlock That Locked Me Down,"Aug 7, 2026",29,0
2026-07-16,1z_EMObUZMc,The Tiny Green Padlock That Locked Me Down,"Aug 7, 2026",29,0
2026-07-17,1z_EMObUZMc,The Tiny Green Padlock That Locked Me Down,"Aug 7, 2026",29,0
2026-07-18,1z_EMObUZMc,The Tiny Green Padlock That Locked Me Down,"Aug 7, 2026",29,0
2026-07-19,1z_EMObUZMc,The Tiny Green Padlock That Locked Me Down,"Aug 7, 2026",29,0
2026-07-20,1z_EMObUZMc,The Tiny Green Padlock That Locked Me Down,"Aug 7, 2026",29,0
2026-07-21,1z_EMObUZMc,The Tiny Green Padlock That Locked Me Down,"Aug 7, 2026",29,0
2026-07-22,1z_EMObUZMc,The Tiny Green Padlock That Locked Me Down,"Aug 7, 2026",29,0
2026-07-23,1z_EMObUZMc,The Tiny Green Padlock That Locked Me Down,"Aug 7, 2026",29,0
2026-07-24,1z_EMObUZMc,The Tiny Green Padlock That Locked Me Down,"Aug 7, 2026",29,0
2026-07-25,1z_EMObUZMc,The Tiny Green Padlock That Locked Me Down,"Aug 7, 2026",29,0
2026-07-26,1z_EMObUZMc,The Tiny Green Padlock That Locked Me Down,"Aug 7, 2026",29,0
2026-07-27,1z_EMObUZMc,The Tiny Green Padlock That Locked Me Down,"Aug 7, 2026",29,0
2026-07-28,1z_EMObUZMc,The Tiny Green Padlock That Locked Me Down,"Aug 7, 2026",29,0
2026-07-29,1z_EMObUZMc,The Tiny Green Padlock That Locked Me Down,"Aug 7, 2026",29,0
2026-07-30,1z_EMObUZMc,The Tiny Green Padlock That Locked Me Down,"Aug 7, 2026",29,0
2026-07-31,1z_EMObUZMc,The Tiny Green Padlock That Locked Me Down,"Aug 7, 2026",29,0
2026-08-01,1z_EMObUZMc,The Tiny Green Padlock That Locked Me Down,"Aug 7, 2026",29,0
2026-08-02,1z_EMObUZMc,The Tiny Green Padlock That Locked Me Down,"Aug 7, 2026",29,0
2026-08-03,1z_EMObUZMc,The Tiny Green Padlock That Locked Me Down,"Aug 7, 2026",29,0
2026-08-04,1z_EMObUZMc,The Tiny Green Padlock That Locked Me Down,"Aug 7, 2026",29,0
2026-08-05,1z_EMObUZMc,The Tiny Green Padlock That Locked Me Down,"Aug 7, 2026",29,0
2026-08-06,1z_EMObUZMc,The Tiny Green Padlock That Locked Me Down,"Aug 7, 2026",29,0
2026-08-07,1z_EMObUZMc,The Tiny Green Padlock That Locked Me Down,"Aug 7, 2026",29,506
2026-07-11,7IJodFRAWBg,The Polaroid That Predicted My Future,"Aug 7, 2026",25,0
2026-07-12,7IJodFRAWBg,The Polaroid That Predicted My Future,"Aug 7, 2026",25,0
2026-07-13,7IJodFRAWBg,The Polaroid That Predicted My Future,"Aug 7, 2026",25,0
2026-07-14,7IJodFRAWBg,The Polaroid That Predicted My Future,"Aug 7, 2026",25,0
2026-07-15,7IJodFRAWBg,The Polaroid That Predicted My Future,"Aug 7, 2026",25,0
2026-07-16,7IJodFRAWBg,The Polaroid That Predicted My Future,"Aug 7, 2026",25,0
2026-07-17,7IJodFRAWBg,The Polaroid That Predicted My Future,"Aug 7, 2026",25,0
2026-07-18,7IJodFRAWBg,The Polaroid That Predicted My Future,"Aug 7, 2026",25,0
2026-07-19,7IJodFRAWBg,The Polaroid That Predicted My Future,"Aug 7, 2026",25,0
2026-07-20,7IJodFRAWBg,The Polaroid That Predicted My Future,"Aug 7, 2026",25,0
2026-07-21,7IJodFRAWBg,The Polaroid That Predicted My Future,"Aug 7, 2026",25,0
2026-07-22,7IJodFRAWBg,The Polaroid That Predicted My Future,"Aug 7, 2026",25,0
2026-07-23,7IJodFRAWBg,The Polaroid That Predicted My Future,"Aug 7, 2026",25,0
2026-07-24,7IJodFRAWBg,The Polaroid That Predicted My Future,"Aug 7, 2026",25,0
2026-07-25,7IJodFRAWBg,The Polaroid That Predicted My Future,"Aug 7, 2026",25,0
2026-07-26,7IJodFRAWBg,The Polaroid That Predicted My Future,"Aug 7, 2026",25,0
2026-07-27,7IJodFRAWBg,The Polaroid That Predicted My Future,"Aug 7, 2026",25,0
2026-07-28,7IJodFRAWBg,The Polaroid That Predicted My Future,"Aug 7, 2026",25,0
2026-07-29,7IJodFRAWBg,The Polaroid That Predicted My Future,"Aug 7, 2026",25,0
2026-07-30,7IJodFRAWBg,The Polaroid That Predicted My Future,"Aug 7, 2026",25,0
2026-07-31,7IJodFRAWBg,The Polaroid That Predicted My Future,"Aug 7, 2026",25,0
2026-08-01,7IJodFRAWBg,The Polaroid That Predicted My Future,"Aug 7, 2026",25,0
2026-08-02,7IJodFRAWBg,The Polaroid That Predicted My Future,"Aug 7, 2026",25,0
2026-08-03,7IJodFRAWBg,The Polaroid That Predicted My Future,"Aug 7, 2026",25,0
2026-08-04,7IJodFRAWBg,The Polaroid That Predicted My Future,"Aug 7, 2026",25,0
2026-08-05,7IJodFRAWBg,The Polaroid That Predicted My Future,"Aug 7, 2026",25,0
2026-08-06,7IJodFRAWBg,The Polaroid That Predicted My Future,"Aug 7, 2026",25,3
2026-08-07,7IJodFRAWBg,The Polaroid That Predicted My Future,"Aug 7, 2026",25,532
2026-07-11,ZTBR-CuxO4k,A Midnight Text That Made Me Run,"Aug 7, 2026",26,0
2026-07-12,ZTBR-CuxO4k,A Midnight Text That Made Me Run,"Aug 7, 2026",26,0
2026-07-13,ZTBR-CuxO4k,A Midnight Text That Made Me Run,"Aug 7, 2026",26,0
2026-07-14,ZTBR-CuxO4k,A Midnight Text That Made Me Run,"Aug 7, 2026",26,0
2026-07-15,ZTBR-CuxO4k,A Midnight Text That Made Me Run,"Aug 7, 2026",26,0
2026-07-16,ZTBR-CuxO4k,A Midnight Text That Made Me Run,"Aug 7, 2026",26,0
2026-07-17,ZTBR-CuxO4k,A Midnight Text That Made Me Run,"Aug 7, 2026",26,0
2026-07-18,ZTBR-CuxO4k,A Midnight Text That Made Me Run,"Aug 7, 2026",26,0
2026-07-19,ZTBR-CuxO4k,A Midnight Text That Made Me Run,"Aug 7, 2026",26,0
2026-07-20,ZTBR-CuxO4k,A Midnight Text That Made Me Run,"Aug 7, 2026",26,0
2026-07-21,ZTBR-CuxO4k,A Midnight Text That Made Me Run,"Aug 7, 2026",26,0
2026-07-22,ZTBR-CuxO4k,A Midnight Text That Made Me Run,"Aug 7, 2026",26,0
2026-07-23,ZTBR-CuxO4k,A Midnight Text That Made Me Run,"Aug 7, 2026",26,0
2026-07-24,ZTBR-CuxO4k,A Midnight Text That Made Me Run,"Aug 7, 2026",26,0
2026-07-25,ZTBR-CuxO4k,A Midnight Text That Made Me Run,"Aug 7, 2026",26,0
2026-07-26,ZTBR-CuxO4k,A Midnight Text That Made Me Run,"Aug 7, 2026",26,0
2026-07-27,ZTBR-CuxO4k,A Midnight Text That Made Me Run,"Aug 7, 2026",26,0
2026-07-28,ZTBR-CuxO4k,A Midnight Text That Made Me Run,"Aug 7, 2026",26,0
2026-07-29,ZTBR-CuxO4k,A Midnight Text That Made Me Run,"Aug 7, 2026",26,0
2026-07-30,ZTBR-CuxO4k,A Midnight Text That Made Me Run,"Aug 7, 2026",26,0
2026-07-31,ZTBR-CuxO4k,A Midnight Text That Made Me Run,"Aug 7, 2026",26,0
2026-08-01,ZTBR-CuxO4k,A Midnight Text That Made Me Run,"Aug 7, 2026",26,0
2026-08-02,ZTBR-CuxO4k,A Midnight Text That Made Me Run,"Aug 7, 2026",26,0
2026-08-03,ZTBR-CuxO4k,A Midnight Text That Made Me Run,"Aug 7, 2026",26,0
2026-08-04,ZTBR-CuxO4k,A Midnight Text That Made Me Run,"Aug 7, 2026",26,0
2026-08-05,ZTBR-CuxO4k,A Midnight Text That Made Me Run,"Aug 7, 2026",26,0
2026-08-06,ZTBR-CuxO4k,A Midnight Text That Made Me Run,"Aug 7, 2026",26,0
2026-08-07,ZTBR-CuxO4k,A Midnight Text That Made Me Run,"Aug 7, 2026",26,2
2026-07-11,_H7-sTEWFZI,The Basement Door That Used My Key,"Aug 7, 2026",24,0
2026-07-12,_H7-sTEWFZI,The Basement Door That Used My Key,"Aug 7, 2026",24,0
2026-07-13,_H7-sTEWFZI,The Basement Door That Used My Key,"Aug 7, 2026",24,0
2026-07-14,_H7-sTEWFZI,The Basement Door That Used My Key,"Aug 7, 2026",24,0
2026-07-15,_H7-sTEWFZI,The Basement Door That Used My Key,"Aug 7, 2026",24,0
2026-07-16,_H7-sTEWFZI,The Basement Door That Used My Key,"Aug 7, 2026",24,0
2026-07-17,_H7-sTEWFZI,The Basement Door That Used My Key,"Aug 7, 2026",24,0
2026-07-18,_H7-sTEWFZI,The Basement Door That Used My Key,"Aug 7, 2026",24,0
2026-07-19,_H7-sTEWFZI,The Basement Door That Used My Key,"Aug 7, 2026",24,0
2026-07-20,_H7-sTEWFZI,The Basement Door That Used My Key,"Aug 7, 2026",24,0
2026-07-21,_H7-sTEWFZI,The Basement Door That Used My Key,"Aug 7, 2026",24,0
2026-07-22,_H7-sTEWFZI,The Basement Door That Used My Key,"Aug 7, 2026",24,0
2026-07-23,_H7-sTEWFZI,The Basement Door That Used My Key,"Aug 7, 2026",24,0
2026-07-24,_H7-sTEWFZI,The Basement Door That Used My Key,"Aug 7, 2026",24,0
2026-07-25,_H7-sTEWFZI,The Basement Door That Used My Key,"Aug 7, 2026",24,0
2026-07-26,_H7-sTEWFZI,The Basement Door That Used My Key,"Aug 7, 2026",24,0
2026-07-27,_H7-sTEWFZI,The Basement Door That Used My Key,"Aug 7, 2026",24,0
2026-07-28,_H7-sTEWFZI,The Basement Door That Used My Key,"Aug 7, 2026",24,0
2026-07-29,_H7-sTEWFZI,The Basement Door That Used My Key,"Aug 7, 2026",24,0
2026-07-30,_H7-sTEWFZI,The Basement Door That Used My Key,"Aug 7, 2026",24,0
2026-07-31,_H7-sTEWFZI,The Basement Door That Used My Key,"Aug 7, 2026",24,0
2026-08-01,_H7-sTEWFZI,The Basement Door That Used My Key,"Aug 7, 2026",24,0
2026-08-02,_H7-sTEWFZI,The Basement Door That Used My Key,"Aug 7, 2026",24,0
2026-08-03,_H7-sTEWFZI,The Basement Door That Used My Key,"Aug 7, 2026",24,0
2026-08-04,_H7-sTEWFZI,The Basement Door That Used My Key,"Aug 7, 2026",24,0
2026-08-05,_H7-sTEWFZI,The Basement Door That Used My Key,"Aug 7, 2026",24,0
2026-08-06,_H7-sTEWFZI,The Basement Door That Used My Key,"Aug 7, 2026",24,0
2026-08-07,_H7-sTEWFZI,The Basement Door That Used My Key,"Aug 7, 2026",24,440
